{"cameraMode":{"drawMode":0,"name":"Shaded","section":"Shading Mode"},"sceneLighting":false,"audioPlay":false,"sceneViewState":{"m_AlwaysRefresh":false,"showFog":true,"showSkybox":false,"showFlares":true,"showImageEffects":true,"showParticleSystems":true,"showVisualEffectGraphs":true,"m_FxEnabled":true},"in2DMode":false,"pivot":{"x":0.012229889631271363,"y":2.6831722259521486,"z":-0.03979802131652832},"rotation":{"x":-0.012210330925881863,"y":-0.8943057060241699,"z":0.024424036964774133,"w":-0.44666141271591189},"size":2.287383556365967,"orthographic":false}