{"cameraMode":{"drawMode":0,"name":"Shaded","section":"Shading Mode"},"sceneLighting":false,"audioPlay":false,"sceneViewState":{"m_AlwaysRefresh":false,"showFog":true,"showSkybox":false,"showFlares":true,"showImageEffects":true,"showParticleSystems":true,"showVisualEffectGraphs":true,"m_FxEnabled":true},"in2DMode":false,"pivot":{"x":0.012229889631271363,"y":2.6711723804473879,"z":-0.03979802131652832},"rotation":{"x":0.02580854669213295,"y":0.0011810646392405034,"z":-0.000017434531400795095,"w":0.9996994733810425},"size":1.6514028310775757,"orthographic":false}