{"cameraMode":{"drawMode":0,"name":"Shaded","section":"Shading Mode"},"sceneLighting":true,"audioPlay":false,"sceneViewState":{"m_AlwaysRefresh":false,"showFog":true,"showSkybox":true,"showFlares":true,"showImageEffects":true,"showParticleSystems":true,"showVisualEffectGraphs":true,"m_FxEnabled":true},"in2DMode":false,"pivot":{"x":1.083601951599121,"y":2.0056138038635256,"z":-2.050503730773926},"rotation":{"x":-0.0023864833638072016,"y":0.9834336042404175,"z":-0.18079398572444917,"w":-0.012981023639440537},"size":5.9291768074035648,"orthographic":false}